Soil Moisture,Temperature,Air Humidity (%),Status
85.28,37.52,60.56,ON
58.0,28.98,71.83,ON
69.57,35.96,59.78,ON
94.82,41.53,60.77,ON
87.35,41.04,46.68,ON
30.45,22.73,69.9,ON
69.0,34.16,59.66,ON
46.97,28.13,66.95,ON
47.94,30.79,65.87,ON
58.21,34.32,48.13,ON
52.88,31.61,58.82,ON
79.09,36.75,54.6,ON
65.22,35.85,59.25,ON
52.43,32.11,51.03,ON
58.88,33.21,54.62,ON
56.67,30.79,66.53,ON
79.88,40.38,56.66,ON
45.9,29.61,56.79,ON
56.26,25.64,63.35,ON
32.92,26.16,69.79,ON
0.0,15.0,61.8,OFF
63.07,35.25,57.79,ON
67.29,34.88,57.92,ON
35.16,27.93,64.17,ON
95.4,43.42,56.47,ON
20.91,19.5,77.85,OFF
50.92,29.98,64.78,ON
46.26,31.0,58.46,ON
80.66,39.25,62.74,ON
79.39,38.59,52.55,ON
53.1,32.42,62.73,ON
57.56,32.69,68.24,ON
32.24,24.66,70.59,ON
10.38,20.85,71.55,OFF
43.04,31.02,50.23,ON
53.13,32.16,60.2,ON
74.61,36.81,54.98,ON
74.05,40.21,62.5,ON
42.25,30.04,66.18,ON
43.95,29.62,63.53,ON
29.03,21.28,71.21,OFF
21.6,21.76,63.7,OFF
15.87,18.28,72.21,OFF
89.02,41.39,55.64,ON
39.81,27.42,55.13,ON
41.24,27.57,65.18,ON
24.94,21.53,70.62,OFF
65.55,37.21,63.64,ON
17.72,16.92,72.48,OFF
45.75,30.18,66.92,ON
32.09,20.91,58.79,ON
57.74,33.09,58.28,ON
39.78,25.16,64.19,ON
26.39,24.67,63.55,OFF
49.44,30.0,61.55,ON
58.57,33.07,57.27,ON
51.33,28.36,66.66,ON
56.05,30.51,56.74,ON
37.31,26.61,64.66,ON
42.75,28.99,62.97,ON
36.55,31.82,61.63,ON
42.81,28.29,58.29,ON
33.74,27.07,70.75,ON
15.47,16.53,68.95,OFF
53.55,28.4,55.76,ON
41.96,26.88,67.88,ON
17.4,17.82,69.29,OFF
59.26,35.75,58.07,ON
31.85,23.74,65.28,ON
51.04,33.08,62.13,ON
64.58,37.35,57.32,ON
52.58,30.86,57.62,ON
72.79,37.84,50.2,ON
25.3,22.48,68.03,OFF
58.05,33.49,52.31,ON
36.3,26.86,69.48,ON
32.58,24.53,60.51,ON
38.42,27.54,59.23,ON
43.77,31.58,56.14,ON
51.12,31.76,54.13,ON
26.7,23.66,61.94,OFF
68.02,35.65,57.19,ON
59.31,30.77,49.9,ON
19.28,18.73,56.54,OFF
79.77,39.58,52.67,ON
87.92,38.64,61.24,ON
73.58,35.54,52.17,ON
46.4,31.48,60.73,ON
28.58,27.4,70.71,OFF
71.09,32.99,53.59,ON
41.94,30.83,59.31,ON
74.45,36.91,54.14,ON
54.17,31.22,65.73,ON
69.53,35.63,60.94,ON
57.13,34.3,62.51,ON
64.13,31.02,73.87,ON
50.21,30.98,69.56,ON
85.72,38.83,56.21,ON
52.54,31.9,59.85,ON
58.04,35.5,51.46,ON
87.66,41.3,46.65,ON
23.04,22.66,66.15,OFF
24.59,23.2,59.59,OFF
69.39,34.22,62.6,ON
26.54,25.98,60.45,OFF
88.87,45.0,50.09,ON
41.73,28.92,54.88,ON
35.05,25.66,75.15,ON
88.46,40.61,59.43,ON
79.61,37.63,53.87,ON
87.35,44.63,53.98,ON
68.12,38.27,63.66,ON
32.78,24.71,60.54,ON
88.2,38.3,66.55,ON
44.64,22.73,61.2,ON
66.05,32.65,59.52,ON
68.95,35.42,50.49,ON
46.9,31.87,48.18,ON
62.28,32.38,65.62,ON
68.44,36.54,58.5,ON
57.53,34.86,50.41,ON
28.01,23.66,57.6,OFF
55.96,31.5,66.82,ON
76.53,35.34,58.04,ON
36.11,23.43,73.1,ON
47.01,29.93,65.22,ON
41.3,26.99,63.47,ON
86.99,41.34,55.36,ON
63.45,33.94,56.86,ON
58.15,33.77,60.23,ON
34.6,23.81,65.41,ON
60.78,32.56,64.65,ON
36.51,29.75,61.34,ON
50.64,28.59,66.96,ON
37.28,25.62,69.23,ON
63.53,32.88,61.18,ON
61.53,34.35,52.83,ON
45.83,30.79,60.72,ON
57.92,31.38,51.64,ON
28.14,22.58,60.42,OFF
20.17,20.49,71.36,OFF
58.79,33.7,62.26,ON
53.33,29.52,62.27,ON
62.7,33.06,58.65,ON
97.66,39.55,52.57,ON
68.89,32.9,57.69,ON
31.74,24.3,70.25,ON
72.34,38.5,59.28,ON
23.68,22.69,59.53,OFF
40.77,25.03,65.97,ON
48.64,26.79,64.63,ON
84.27,40.63,63.87,ON
35.1,22.23,57.88,ON
33.47,27.17,59.78,ON
48.03,29.54,67.15,ON
36.73,22.8,60.76,ON
72.53,34.83,71.03,ON
28.4,22.07,60.86,OFF
27.05,21.57,67.2,OFF
41.24,24.39,68.16,ON
40.04,25.26,69.25,ON
88.59,40.21,59.45,ON
68.99,34.27,57.13,ON
51.75,32.78,64.9,ON
25.49,22.86,62.51,OFF
66.89,33.08,57.48,ON
30.0,23.33,68.29,OFF
19.1,18.97,76.16,OFF
73.76,36.53,56.94,ON
56.34,33.65,55.36,ON
68.42,36.03,64.43,ON
56.37,36.48,51.79,ON
67.14,35.89,67.66,ON
36.98,24.27,60.52,ON
29.32,25.41,67.96,OFF
63.63,36.25,62.88,ON
33.93,27.37,67.5,ON
36.21,23.67,66.93,ON
40.89,26.97,64.06,ON
50.35,32.37,52.31,ON
42.92,24.51,61.39,ON
22.5,20.75,71.17,OFF
37.13,23.28,69.35,ON
5.53,15.0,65.81,OFF
62.5,31.73,62.7,ON
17.96,22.89,67.53,OFF
27.91,22.9,75.01,OFF
51.04,28.59,60.76,ON
35.21,23.49,63.31,ON
80.86,39.54,51.66,ON
24.14,22.22,61.67,OFF
55.34,34.29,61.3,ON
49.21,30.76,58.02,ON
26.64,20.13,73.3,OFF
60.47,31.88,57.73,ON
46.57,31.11,69.0,ON
65.44,33.39,62.06,ON
66.47,38.41,58.25,ON
93.26,40.78,49.78,ON
76.73,39.16,58.15,ON
42.62,26.06,64.59,ON
45.21,27.54,66.63,ON
71.99,38.8,54.17,ON
63.11,33.68,52.53,ON
62.8,35.47,60.1,ON
17.66,21.24,67.95,OFF
49.51,31.36,62.4,ON
35.24,23.8,70.75,ON
55.6,31.24,56.56,ON
48.04,30.26,49.94,ON
68.2,33.76,62.12,ON
56.34,35.16,60.93,ON
65.73,33.16,57.72,ON
40.67,26.6,64.89,ON
31.11,22.32,61.37,ON
41.8,23.25,55.52,ON
49.66,33.49,51.44,ON
57.58,31.87,61.09,ON
95.19,42.66,61.32,ON
49.15,29.35,60.44,ON
30.88,27.1,67.81,ON
43.08,25.99,61.43,ON
40.73,28.58,62.58,ON
59.63,32.04,64.76,ON
19.18,19.56,68.93,OFF
51.27,31.51,58.38,ON
53.13,32.92,55.92,ON
54.64,30.37,61.32,ON
38.05,24.88,70.98,ON
45.24,26.23,56.41,ON
21.52,23.66,70.1,OFF
40.13,25.89,65.88,ON
39.14,23.04,61.33,ON
58.32,35.32,58.72,ON
26.88,20.32,66.79,OFF
65.62,36.25,53.51,ON
79.89,39.33,53.7,ON
8.6,18.16,62.83,OFF
58.53,31.39,50.81,ON
63.54,34.79,59.88,ON
37.25,22.84,71.52,ON
42.05,28.79,70.89,ON
47.34,32.32,55.05,ON
44.04,29.98,72.75,ON
43.82,24.11,73.17,ON
16.48,17.98,76.33,OFF
73.05,36.54,54.15,ON
71.59,37.45,54.72,ON
33.73,24.91,55.36,ON
20.67,20.22,68.83,OFF
60.42,34.32,57.44,ON
38.48,28.87,63.48,ON
52.84,30.39,57.6,ON
43.61,29.54,65.64,ON
63.83,28.99,64.32,ON
63.89,32.29,54.9,ON
35.49,25.0,64.77,ON
22.33,20.72,68.99,OFF
18.34,21.17,77.34,OFF
62.21,35.69,59.07,ON
26.22,23.88,60.97,OFF
39.86,25.71,62.99,ON
38.07,23.38,65.82,ON
48.95,30.8,60.85,ON
11.27,15.0,61.79,OFF
53.78,32.44,58.88,ON
60.48,32.77,56.87,ON
51.77,28.18,61.79,ON
43.78,28.71,73.38,ON
51.95,30.58,57.49,ON
57.98,32.32,67.8,ON
0.0,15.0,76.8,OFF
89.12,42.57,57.87,ON
57.8,34.19,59.5,ON
36.95,27.08,67.02,ON
42.18,29.68,59.94,ON
59.87,32.87,57.54,ON
47.68,32.54,56.74,ON
9.39,18.96,69.99,OFF
91.29,41.3,54.17,ON
47.79,27.15,62.51,ON
70.4,36.53,65.18,ON
36.16,23.23,62.54,ON
80.73,37.27,61.31,ON
55.73,32.2,58.07,ON
62.18,32.44,52.58,ON
29.09,21.86,59.75,OFF
74.22,37.2,55.22,ON
63.8,34.28,62.58,ON
76.04,37.4,60.77,ON
37.44,25.48,63.51,ON
40.38,28.82,65.8,ON
96.08,44.51,53.68,ON
28.8,23.19,64.78,OFF
47.28,34.11,63.81,ON
72.74,37.21,63.61,ON
51.95,32.85,65.37,ON
61.66,32.38,59.04,ON
42.01,24.88,67.91,ON
57.4,30.64,50.97,ON
23.87,21.62,68.0,OFF
83.16,38.96,58.43,ON
47.64,31.96,61.58,ON
36.4,25.68,63.48,ON
63.33,34.92,65.57,ON
40.79,27.14,63.25,ON
23.31,21.13,66.63,OFF
23.07,22.0,65.6,OFF
63.88,37.59,62.62,ON
46.81,27.51,62.03,ON
47.33,30.73,57.39,ON
71.55,34.41,58.81,ON
27.46,22.32,75.15,OFF
35.39,25.62,63.12,ON
42.3,28.34,66.07,ON
51.89,33.53,58.49,ON
49.16,29.65,60.83,ON
44.26,26.59,61.24,ON
48.77,30.93,55.36,ON
47.85,28.63,62.27,ON
35.61,26.16,67.9,ON
33.74,24.89,72.95,ON
55.49,27.76,65.55,ON
32.18,25.67,60.51,ON
26.85,24.22,69.19,OFF
43.75,29.98,64.28,ON
46.85,32.65,67.4,ON
95.13,41.15,65.76,ON
35.91,26.8,69.99,ON
68.87,36.48,56.15,ON
64.94,33.64,59.02,ON
26.22,23.66,71.59,OFF
65.47,35.64,56.08,ON
26.32,20.46,67.02,OFF
0.0,15.49,73.88,OFF
62.13,31.8,66.27,ON
14.88,18.16,70.22,OFF
59.02,29.16,48.04,ON
36.32,24.95,66.73,ON
83.19,39.55,54.71,ON
71.37,37.51,52.61,ON
40.93,27.28,63.75,ON
36.24,22.79,71.93,ON
25.72,24.44,59.69,OFF
41.18,27.12,71.68,ON
44.39,29.29,67.32,ON
42.71,29.74,66.82,ON
53.13,33.79,55.66,ON
61.57,37.39,56.31,ON
56.99,31.95,58.91,ON
34.72,26.04,64.38,ON
21.24,19.22,68.16,OFF
77.29,40.31,54.23,ON
36.21,23.49,65.01,ON
36.95,22.48,65.46,ON
39.58,28.53,64.22,ON
13.14,17.9,61.0,OFF
40.44,28.69,65.22,ON
40.41,27.94,71.72,ON
62.41,30.46,67.09,ON
63.97,28.75,58.02,ON
50.08,27.83,68.53,ON
68.64,35.62,70.07,ON
56.8,29.6,61.03,ON
49.69,28.6,66.44,ON
53.22,28.05,74.67,ON
46.19,29.2,67.63,ON
42.1,27.81,71.07,ON
44.65,27.43,58.07,ON
27.44,26.03,65.56,OFF
55.61,34.68,61.15,ON
30.14,25.17,67.72,ON
66.83,31.45,65.08,ON
45.01,26.29,65.0,ON
50.99,31.11,54.77,ON
59.88,31.71,66.31,ON
62.87,32.89,62.16,ON
18.59,22.37,60.68,OFF
45.86,29.78,65.93,ON
67.6,37.91,60.02,ON
16.04,18.95,71.31,OFF
57.75,35.07,57.52,ON
4.89,15.36,78.96,OFF
29.55,26.86,66.74,OFF
50.77,30.44,57.78,ON
16.87,18.34,61.28,OFF
30.29,20.82,63.67,ON
20.56,20.57,55.81,OFF
82.96,39.38,55.07,ON
53.28,32.7,61.02,ON
61.35,33.18,54.05,ON
45.55,27.8,60.59,ON
42.93,30.03,69.75,ON
17.67,19.85,68.63,OFF
44.16,27.1,71.42,ON
34.77,26.58,63.13,ON
67.16,34.17,58.62,ON
72.82,38.16,46.11,ON
79.33,37.61,61.08,ON
67.05,34.67,64.7,ON
38.03,26.71,62.26,ON
27.68,22.56,64.91,OFF
65.33,34.57,63.32,ON
57.13,33.77,56.06,ON
14.63,20.21,63.96,OFF
57.11,33.09,61.73,ON
66.29,33.62,56.8,ON
51.18,32.06,63.82,ON
46.3,30.23,57.26,ON
33.85,27.16,71.25,ON
21.07,19.87,71.36,OFF
66.01,34.46,59.66,ON
43.82,29.41,57.98,ON
45.33,27.38,58.28,ON
84.65,39.94,51.55,ON
63.69,37.96,50.06,ON
57.42,36.13,65.03,ON
52.84,33.33,61.71,ON
80.4,41.0,60.75,ON
84.39,38.28,65.73,ON
68.59,36.6,64.57,ON
61.64,32.78,62.58,ON
8.11,15.32,68.76,OFF
52.47,29.72,65.91,ON
47.4,29.45,63.39,ON
51.88,29.47,61.02,ON
68.86,34.56,56.69,ON
0.0,16.58,75.45,OFF
38.61,26.87,71.26,ON
55.4,32.09,59.37,ON
40.66,27.42,61.36,ON
21.66,20.15,71.4,OFF
67.38,32.47,57.34,ON
55.54,32.28,63.65,ON
30.58,23.16,74.79,ON
56.3,27.87,61.19,ON
66.43,34.14,59.64,ON
50.11,27.85,73.24,ON
66.01,36.2,56.41,ON
51.57,31.51,61.8,ON
42.1,28.62,58.12,ON
26.81,21.71,63.46,OFF
48.28,30.95,54.54,ON
53.89,31.81,75.54,ON
67.52,34.44,62.2,ON
47.7,28.4,62.73,ON
59.15,34.53,54.0,ON
30.71,23.27,56.92,ON
34.35,25.91,65.66,ON
47.79,31.41,60.43,ON
28.91,27.49,66.02,OFF
66.4,38.25,60.51,ON
59.26,34.58,64.31,ON
55.58,28.66,62.59,ON
56.78,30.66,64.72,ON
90.42,41.03,53.34,ON
40.62,30.49,57.45,ON
5.97,15.39,69.07,OFF
53.99,31.97,64.66,ON
48.99,29.9,65.09,ON
39.65,25.02,64.92,ON
30.42,24.89,66.68,ON
41.22,28.16,71.14,ON
53.63,28.58,53.84,ON
39.94,29.43,56.07,ON
98.25,40.3,55.75,ON
30.79,23.06,69.67,ON
34.14,27.19,62.61,ON
4.23,15.0,75.52,OFF
55.03,32.21,45.64,ON
9.67,15.31,59.16,OFF
39.21,26.58,61.21,ON
44.49,23.72,79.11,ON
35.81,24.06,65.57,ON
84.78,37.35,46.38,ON
69.89,35.16,57.1,ON
76.38,37.08,60.84,ON
32.35,23.36,70.8,ON
72.57,38.37,59.33,ON
59.92,31.2,60.1,ON
65.43,35.9,61.86,ON
70.59,39.44,62.11,ON
31.82,24.83,62.33,ON
41.51,25.74,63.94,ON
67.25,32.68,59.71,ON
0.0,15.0,62.47,OFF
80.27,40.49,49.42,ON
61.06,33.63,48.23,ON
49.09,31.6,61.46,ON
54.41,32.86,58.79,ON
29.4,24.1,63.84,OFF
43.0,28.85,62.52,ON
72.01,40.31,58.41,ON
75.96,40.62,52.27,ON
100.0,44.39,59.23,ON
48.52,31.54,53.12,ON
36.83,27.22,63.6,ON
39.72,29.19,62.0,ON
29.64,25.23,69.11,OFF
48.44,27.58,60.97,ON
57.65,29.06,67.91,ON
49.32,30.94,60.27,ON
71.93,40.38,55.26,ON
45.32,27.04,63.03,ON
43.05,27.54,66.97,ON
38.37,24.44,69.6,ON
17.35,22.56,63.44,OFF
18.64,15.98,63.37,OFF
26.42,18.4,64.06,OFF
76.03,38.56,57.69,ON
67.91,35.21,58.79,ON
77.5,37.29,58.33,ON
23.36,21.4,63.53,OFF
10.63,19.26,72.42,OFF
36.8,25.21,63.99,ON
53.52,28.86,54.52,ON
59.97,31.14,62.09,ON
70.96,38.06,59.9,ON
55.69,30.66,62.33,ON
84.85,37.69,58.04,ON
45.55,28.87,63.81,ON
31.74,25.53,59.41,ON
16.38,22.57,74.12,OFF
32.22,25.1,63.31,ON
54.84,30.13,69.25,ON
32.23,25.62,61.86,ON
68.73,37.07,62.59,ON
78.25,38.4,58.16,ON
2.61,15.69,71.09,OFF
67.28,35.7,53.88,ON
5.21,16.42,76.18,OFF
58.03,32.91,62.35,ON
74.5,35.31,58.37,ON
51.3,28.09,69.18,ON
24.41,20.65,68.05,OFF
38.29,27.77,74.39,ON
44.77,28.95,67.71,ON
46.36,30.99,59.75,ON
45.94,28.41,69.75,ON
47.8,27.05,64.07,ON
54.27,33.57,69.89,ON
25.83,22.71,66.78,OFF
45.16,31.11,60.94,ON
80.37,40.31,56.29,ON
42.31,32.07,62.76,ON
41.12,26.9,71.61,ON
71.56,38.27,58.5,ON
0.0,16.78,69.4,OFF
73.63,35.98,55.95,ON
37.36,25.86,68.41,ON
53.28,28.06,60.39,ON
51.93,27.48,57.67,ON
68.85,35.91,53.74,ON
44.65,29.98,59.69,ON
36.44,27.21,63.05,ON
75.96,38.47,62.19,ON
2.72,17.54,66.59,OFF
50.41,28.94,68.62,ON
23.04,21.37,58.99,OFF
34.77,26.91,77.03,ON
90.23,42.93,46.31,ON
49.11,29.31,63.4,ON
53.9,33.81,58.62,ON
14.37,16.73,66.04,OFF
35.42,24.59,68.63,ON
53.93,30.61,66.92,ON
57.1,33.76,58.88,ON
62.34,33.71,65.82,ON
50.17,27.53,63.8,ON
60.54,34.19,54.17,ON
59.08,34.9,58.67,ON
13.41,20.5,65.06,OFF
50.74,31.46,63.42,ON
65.36,30.86,59.49,ON
61.8,31.74,60.59,ON
42.72,28.78,57.3,ON
33.89,25.06,70.31,ON
27.63,24.34,63.62,OFF
47.38,26.68,58.64,ON
72.66,36.68,71.15,ON
10.96,15.51,63.63,OFF
36.8,22.13,69.26,ON
27.2,23.75,54.93,OFF
65.7,36.39,59.71,ON
38.91,27.17,64.64,ON
40.59,27.11,62.47,ON
45.66,25.57,57.84,ON
58.91,34.68,54.9,ON
42.15,27.56,59.43,ON
0.0,18.92,62.78,OFF
60.87,35.14,54.17,ON
58.78,28.62,70.0,ON
45.61,30.19,63.84,ON
28.32,20.7,74.23,OFF
57.04,30.59,56.7,ON
57.58,31.77,58.78,ON
40.6,26.99,55.12,ON
45.67,29.49,56.35,ON
31.4,22.37,65.12,ON
46.43,26.63,61.92,ON
18.99,21.9,75.75,OFF
58.35,32.48,61.05,ON
31.11,24.68,63.86,ON
54.76,27.04,66.07,ON
21.88,21.21,67.41,OFF
38.2,24.68,59.76,ON
47.79,27.5,60.37,ON
16.79,21.88,73.87,OFF
52.3,28.5,69.42,ON
42.42,25.54,65.96,ON
15.15,18.88,73.77,OFF
23.94,23.08,74.37,OFF
62.1,31.86,58.67,ON
67.91,37.84,58.22,ON
47.36,32.11,61.84,ON
58.1,30.67,57.47,ON
54.48,30.85,63.72,ON
56.59,30.42,56.03,ON
75.72,34.35,59.9,ON
19.86,21.56,65.72,OFF
63.53,35.53,60.83,ON
42.36,31.73,54.19,ON
45.51,26.86,61.28,ON
43.96,30.86,70.9,ON
42.5,30.43,61.07,ON
25.48,23.04,66.52,OFF
53.67,32.3,57.27,ON
83.42,41.77,55.16,ON
48.88,33.61,61.73,ON
49.97,30.95,59.05,ON
36.25,25.76,63.3,ON
47.65,27.56,62.63,ON
59.32,33.41,61.43,ON
42.6,29.83,67.76,ON
40.92,27.77,59.99,ON
58.07,30.86,65.51,ON
31.64,24.67,69.22,ON
55.05,31.26,62.52,ON
66.41,35.45,64.14,ON
77.2,34.84,59.59,ON
48.19,30.56,62.2,ON
77.35,39.4,55.49,ON
70.69,37.1,56.39,ON
30.08,24.02,64.54,ON
25.64,19.08,59.25,OFF
43.9,28.13,66.12,ON
70.58,38.3,55.41,ON
48.55,27.85,55.95,ON
37.99,22.42,71.4,ON
81.04,36.23,53.38,ON
55.74,32.35,64.89,ON
3.59,16.82,66.2,OFF
56.34,33.68,64.59,ON
60.4,33.01,69.69,ON
54.51,28.35,55.01,ON
58.99,31.06,60.09,ON
48.65,31.23,66.04,ON
23.63,22.37,67.98,OFF
42.59,29.08,63.96,ON
31.09,25.2,69.46,ON
31.35,23.99,61.66,ON
24.74,22.07,60.34,OFF
59.05,36.43,54.57,ON
51.96,31.42,67.82,ON
41.04,27.05,59.95,ON
37.01,27.01,56.12,ON
49.53,30.31,67.6,ON
71.58,32.16,58.14,ON
9.92,19.27,66.19,OFF
57.54,35.9,51.49,ON
39.09,25.17,67.55,ON
12.31,21.6,69.88,OFF
11.09,17.81,66.56,OFF
31.74,25.11,58.97,ON
54.39,33.46,50.46,ON
57.86,30.92,64.29,ON
31.22,26.85,76.87,ON
70.34,33.67,61.82,ON
78.46,36.79,60.97,ON
57.92,31.19,62.02,ON
38.17,27.78,65.08,ON
72.49,36.06,57.2,ON
65.11,31.49,62.58,ON
67.35,34.77,55.13,ON
36.87,24.49,59.1,ON
0.0,16.46,70.68,OFF
92.34,42.01,55.28,ON
17.78,20.48,61.84,OFF
49.28,28.97,59.86,ON
97.61,45.0,51.25,ON
56.61,31.62,64.61,ON
68.98,36.35,58.99,ON
19.95,15.8,69.68,OFF
14.45,19.53,60.32,OFF
39.35,27.63,64.77,ON
71.81,36.15,60.96,ON
43.08,29.26,73.43,ON
34.11,26.71,66.21,ON
53.96,33.8,64.34,ON
71.64,36.7,62.65,ON
21.1,17.5,60.43,OFF
25.79,18.17,68.48,OFF
34.23,22.06,65.91,ON
71.89,36.49,55.8,ON
54.7,31.09,65.63,ON
92.64,43.35,62.13,ON
68.73,34.37,54.76,ON
49.3,28.32,62.23,ON
75.3,38.7,58.9,ON
54.23,32.58,56.55,ON
35.9,25.26,54.26,ON
63.6,34.0,58.52,ON
36.07,26.63,58.5,ON
44.19,29.27,52.75,ON
76.56,35.68,63.1,ON
47.97,27.95,71.41,ON
33.94,22.72,69.01,ON
40.71,26.2,66.36,ON
70.44,37.76,59.52,ON
38.95,27.78,62.95,ON
42.26,25.48,66.96,ON
39.79,27.96,62.57,ON
53.68,31.28,57.48,ON
42.29,26.7,70.37,ON
17.96,17.58,73.2,OFF
32.26,24.33,78.69,ON
31.34,25.76,60.45,ON
74.87,33.13,52.89,ON
66.25,34.08,66.26,ON
61.75,38.03,56.65,ON
39.89,28.31,69.8,ON
33.68,25.62,74.7,ON
39.85,25.48,57.85,ON
28.96,22.33,62.31,OFF
99.94,44.82,44.7,ON
5.09,19.73,67.41,OFF
61.28,34.32,55.81,ON
24.31,20.55,57.97,OFF
47.91,31.73,61.46,ON
30.24,23.49,72.32,ON
26.45,26.33,59.35,OFF
27.2,22.03,73.01,OFF
85.1,38.52,60.37,ON
47.34,29.55,61.95,ON
34.69,27.37,58.29,ON
61.12,35.41,56.41,ON
50.21,30.38,72.41,ON
64.4,32.34,58.65,ON
13.51,18.04,72.02,OFF
56.07,27.79,61.96,ON
65.45,32.81,54.82,ON
16.77,19.67,71.64,OFF
58.96,33.47,68.17,ON
83.92,39.5,61.63,ON
49.7,29.8,70.17,ON
66.43,34.14,60.23,ON
63.41,35.53,58.67,ON
35.85,23.96,68.26,ON
50.8,31.91,59.74,ON
18.66,24.52,62.83,OFF
40.97,28.24,55.09,ON
55.31,30.54,66.77,ON
64.46,33.27,60.29,ON
50.49,32.57,52.45,ON
64.4,32.07,51.67,ON
27.94,21.47,75.97,OFF
47.97,27.06,69.14,ON
50.39,27.56,65.38,ON
86.99,39.01,49.26,ON
45.72,30.29,60.5,ON
40.02,29.21,57.31,ON
50.43,28.73,60.94,ON
31.62,24.9,63.98,ON
53.86,32.67,56.77,ON
42.7,28.01,56.22,ON
14.17,17.34,73.29,OFF
48.83,26.71,65.22,ON
43.65,30.12,64.67,ON
17.35,21.2,72.96,OFF
48.66,30.75,67.06,ON
79.79,36.72,66.28,ON
60.43,33.6,64.47,ON
62.24,34.93,61.34,ON
23.17,22.58,64.39,OFF
59.54,31.37,54.73,ON
52.97,32.92,63.2,ON
60.58,30.12,60.47,ON
58.45,34.39,69.35,ON
22.8,24.0,63.08,OFF
49.17,32.9,61.66,ON
34.84,24.77,66.56,ON
49.0,27.7,56.01,ON
32.05,26.2,60.45,ON
76.25,36.48,48.18,ON
32.82,24.93,66.41,ON
32.02,23.97,66.55,ON
51.49,28.64,66.53,ON
28.46,24.18,61.87,OFF
41.51,24.67,59.9,ON
33.4,26.2,62.67,ON
78.22,36.53,60.15,ON
65.72,31.25,55.83,ON
48.85,29.55,64.18,ON
42.18,28.52,65.34,ON
68.82,36.8,62.02,ON
58.1,34.07,57.77,ON
59.96,28.28,63.47,ON
49.48,27.83,69.44,ON
16.24,20.08,64.45,OFF
47.75,32.36,60.39,ON
39.35,28.37,73.01,ON
62.9,37.67,58.92,ON
70.24,35.02,63.7,ON
36.84,26.6,65.54,ON
59.37,30.61,66.67,ON
84.72,39.61,58.66,ON
36.65,24.52,64.19,ON
83.64,38.82,55.5,ON
32.95,24.1,64.4,ON
50.46,30.14,65.2,ON
49.78,29.98,62.14,ON
50.23,31.16,61.22,ON
33.25,25.25,65.25,ON
38.18,25.76,65.91,ON
36.65,24.95,72.85,ON
56.54,31.35,56.56,ON
56.6,31.08,66.74,ON
94.52,44.34,51.27,ON
77.42,39.96,54.35,ON
39.8,29.49,61.57,ON
56.5,30.35,55.01,ON
69.94,36.92,54.67,ON
50.61,27.39,62.88,ON
48.61,30.33,58.82,ON
51.03,32.47,67.0,ON
67.35,34.9,54.94,ON
33.03,27.06,62.93,ON
43.49,25.77,61.52,ON
59.41,31.05,67.63,ON
56.23,31.6,54.33,ON
54.79,33.48,61.99,ON
42.6,26.95,69.82,ON
69.45,34.93,66.08,ON
92.68,40.82,56.39,ON
58.13,32.84,68.94,ON
46.14,31.33,56.44,ON
65.11,35.94,55.68,ON
39.22,28.16,60.41,ON
35.01,25.09,66.23,ON
50.66,29.07,51.99,ON
0.0,16.35,74.93,OFF
26.92,23.01,72.35,OFF
43.04,27.57,62.02,ON
22.93,23.68,72.09,OFF
29.35,23.41,68.82,OFF
41.27,25.7,59.69,ON
17.14,21.96,63.37,OFF
41.88,27.73,60.83,ON
39.29,24.71,66.82,ON
50.51,27.93,67.95,ON
73.08,37.12,61.09,ON
53.45,35.71,55.47,ON
50.42,29.34,62.96,ON
51.99,29.92,58.98,ON
54.55,34.41,67.26,ON
29.67,23.79,63.81,OFF
47.7,26.41,63.81,ON
56.18,28.71,61.36,ON
22.58,24.23,59.47,OFF
67.31,36.53,57.69,ON
71.63,38.14,61.23,ON
37.37,26.1,63.49,ON
45.17,27.1,55.49,ON
32.44,24.3,64.38,ON
63.99,34.47,55.76,ON
28.78,21.96,67.09,OFF
45.55,29.79,66.95,ON
32.82,22.33,63.1,ON
51.02,29.64,61.44,ON
14.12,18.83,68.94,OFF
76.53,36.58,50.92,ON
30.71,19.8,69.88,ON
51.2,31.26,59.78,ON
45.75,27.21,58.89,ON
34.76,28.08,56.42,ON
32.24,23.99,65.39,ON
68.73,34.54,63.38,ON
39.49,27.03,66.24,ON
55.42,33.73,53.87,ON
33.97,24.06,63.86,ON
37.06,28.15,65.41,ON
59.44,35.71,64.54,ON
68.61,37.56,65.0,ON
46.49,32.2,61.76,ON
21.56,24.05,70.95,OFF
89.96,45.0,46.0,ON
32.87,28.07,65.7,ON
19.17,21.17,75.26,OFF
100.0,44.14,53.31,ON
41.92,23.05,73.05,ON
20.77,18.58,75.63,OFF
36.33,25.0,68.12,ON
57.35,31.44,69.51,ON
53.81,30.84,60.05,ON
32.97,22.89,65.12,ON
86.45,37.74,64.98,ON
39.57,26.61,65.98,ON
26.31,22.51,60.28,OFF
69.21,34.15,59.65,ON
76.58,36.49,73.01,ON
33.65,23.21,54.23,ON
21.97,20.8,74.13,OFF
70.61,34.47,56.77,ON
9.05,20.24,70.5,OFF
25.47,23.12,70.25,OFF
69.35,33.86,52.94,ON
48.89,29.11,54.75,ON
44.72,26.06,60.02,ON
57.06,34.14,59.03,ON
46.94,31.85,52.48,ON
24.03,24.71,68.45,OFF
75.52,35.37,61.74,ON
76.5,37.77,58.83,ON
54.11,30.43,62.87,ON
50.9,31.39,54.57,ON
96.79,42.02,53.21,ON
44.47,26.99,64.01,ON
44.81,27.62,67.3,ON
57.29,32.49,61.16,ON
79.43,40.22,64.21,ON
81.86,38.9,59.78,ON
44.83,29.78,62.41,ON
56.17,33.49,62.17,ON
22.44,21.31,75.29,OFF
43.76,25.64,58.98,ON
33.19,22.62,64.63,ON
29.86,25.14,63.17,OFF
83.63,39.14,53.16,ON
34.15,21.82,62.12,ON
39.37,28.04,66.17,ON
57.32,32.45,58.24,ON
75.96,34.98,62.07,ON
59.62,35.25,56.55,ON
100.0,45.0,46.69,ON
48.51,29.83,68.09,ON
55.17,29.0,71.59,ON
55.51,28.85,63.81,ON
78.7,38.0,59.82,ON
60.14,29.62,70.91,ON
47.68,30.11,64.48,ON
31.05,21.49,72.93,ON
54.89,31.8,64.49,ON
78.03,37.83,63.9,ON
41.79,28.96,64.18,ON
60.58,31.3,62.72,ON
54.92,32.02,63.83,ON
67.27,32.39,53.82,ON
33.9,26.76,59.58,ON
96.93,43.85,60.5,ON
24.42,23.32,73.11,OFF
42.69,25.17,67.05,ON
68.76,36.63,53.26,ON
55.93,32.39,66.58,ON
66.6,35.71,58.98,ON
40.08,27.65,57.56,ON
48.5,29.16,65.6,ON
50.24,32.56,64.93,ON
81.39,39.1,60.92,ON
63.81,32.66,58.85,ON
65.93,34.66,56.6,ON
36.84,24.15,58.97,ON
69.38,34.89,66.67,ON
54.51,31.0,62.46,ON
77.78,37.58,65.29,ON
90.28,42.48,53.22,ON
43.86,32.05,69.33,ON
41.87,28.7,53.67,ON
32.72,26.96,64.64,ON
47.13,28.13,59.06,ON
42.36,26.53,61.05,ON
57.19,31.4,54.52,ON
47.11,30.84,58.28,ON
42.77,23.53,75.42,ON
71.29,34.32,56.59,ON
31.24,24.58,70.67,ON
58.66,32.15,50.95,ON
41.88,31.5,73.31,ON
64.49,35.24,58.77,ON
77.71,36.99,62.37,ON
43.94,25.03,71.18,ON
58.82,31.97,57.95,ON
53.58,28.47,65.04,ON
34.01,26.14,62.96,ON
54.82,31.77,57.52,ON
55.78,32.37,52.89,ON
58.26,36.64,57.51,ON
46.03,26.99,67.54,ON
51.88,30.18,66.54,ON
27.05,20.69,68.73,OFF
42.84,27.69,65.46,ON
61.12,36.52,59.64,ON
67.85,36.49,54.42,ON
41.55,27.24,55.97,ON
52.09,31.13,58.51,ON
54.56,28.95,54.63,ON
54.03,30.42,65.87,ON
60.82,33.42,72.41,ON
13.64,19.29,73.49,OFF
49.01,26.64,62.61,ON
54.78,32.09,60.83,ON
29.99,24.56,71.04,OFF
83.48,39.29,53.42,ON
53.23,30.98,62.08,ON
81.27,36.41,47.3,ON
34.19,22.3,61.04,ON
31.85,24.83,62.26,ON
54.49,30.01,65.18,ON
16.43,19.9,64.22,OFF
54.3,32.97,63.31,ON
51.94,30.24,62.77,ON
70.31,30.47,71.01,ON
64.02,33.9,54.28,ON
41.65,26.53,53.98,ON
28.05,22.95,54.05,OFF
84.25,42.07,54.01,ON
34.16,22.09,72.5,ON
29.09,24.21,66.4,OFF
28.3,26.63,67.31,OFF
72.35,35.45,58.48,ON
39.62,27.83,64.49,ON
34.93,27.41,56.0,ON
52.75,31.25,70.91,ON
45.86,27.39,65.98,ON
36.44,24.51,58.71,ON
65.08,36.01,48.57,ON
71.31,37.58,60.12,ON
69.71,34.34,58.85,ON
65.34,32.25,59.23,ON
58.05,29.85,69.26,ON
14.48,22.67,63.56,OFF
83.39,39.88,51.82,ON
56.04,36.53,61.7,ON
62.16,34.76,62.17,ON
72.3,37.57,51.01,ON
78.67,39.21,60.42,ON
58.37,34.51,69.1,ON
58.71,30.68,59.91,ON
38.02,30.72,58.53,ON
50.66,30.0,58.37,ON
32.92,23.47,70.18,ON
35.6,26.29,68.67,ON
32.13,26.82,58.35,ON
46.88,27.05,69.46,ON
70.98,37.43,63.92,ON
100.0,43.57,55.33,ON
53.79,30.12,51.0,ON
23.03,20.93,71.4,OFF
75.3,39.12,48.4,ON
43.98,25.98,68.11,ON
36.79,26.42,69.22,ON
54.2,30.57,66.45,ON
25.19,20.86,54.41,OFF
54.45,28.91,59.01,ON
48.23,27.06,67.47,ON
51.97,27.32,63.2,ON
57.63,34.08,51.93,ON
51.35,29.92,59.86,ON
50.33,30.42,61.72,ON
55.69,34.06,51.0,ON
58.31,30.05,70.5,ON
29.37,21.93,70.9,OFF
21.4,21.93,67.59,OFF
48.77,25.98,60.73,ON
21.35,20.25,66.29,OFF
51.75,28.68,59.53,ON
68.77,36.29,53.27,ON
62.14,32.79,61.07,ON
29.04,27.73,68.88,OFF
32.79,26.71,63.02,ON
56.57,30.26,59.78,ON
41.97,26.82,64.8,ON
43.67,27.4,67.47,ON
61.94,40.19,53.26,ON
30.25,21.06,60.46,ON
41.98,28.0,67.93,ON
34.0,21.03,60.57,ON
29.14,23.73,68.44,OFF
32.86,28.68,62.31,ON
63.55,33.25,55.57,ON
51.04,32.52,67.42,ON
32.42,24.59,70.23,ON
45.38,27.77,66.22,ON
17.22,19.66,70.4,OFF
35.33,24.43,67.72,ON
92.99,41.65,50.09,ON
48.2,26.8,61.11,ON
64.63,37.4,49.35,ON
48.69,28.82,64.17,ON
56.96,32.68,67.56,ON
63.27,32.23,58.75,ON
27.91,25.61,65.82,OFF
49.38,29.27,59.78,ON
81.58,39.29,54.07,ON
34.09,21.57,65.36,ON
38.67,27.39,56.25,ON
43.85,31.78,66.63,ON
55.38,29.88,62.05,ON
60.5,32.23,65.52,ON
75.35,35.33,60.32,ON
59.99,33.26,56.02,ON
48.76,29.76,60.56,ON
75.18,38.97,48.69,ON
64.08,35.33,62.75,ON
20.09,19.4,69.05,OFF
100.0,45.0,49.07,ON
85.4,39.96,48.49,ON
46.64,26.81,61.03,ON
57.56,32.01,55.26,ON
76.49,45.0,53.68,ON
46.56,33.6,54.58,ON
64.61,34.66,69.46,ON
72.09,40.11,60.86,ON
29.7,23.82,63.84,OFF
37.95,26.28,56.8,ON
68.43,31.63,60.46,ON
59.22,30.84,51.7,ON
68.48,33.98,64.92,ON
47.35,29.42,66.3,ON
44.22,28.29,70.27,ON
10.03,16.85,67.11,OFF
27.08,21.95,70.86,OFF
50.94,29.95,68.95,ON
66.49,32.18,58.51,ON
60.62,31.96,57.15,ON
47.44,28.47,69.66,ON
44.56,25.87,65.2,ON
54.34,30.64,63.74,ON
51.56,28.8,62.28,ON
78.09,40.9,49.22,ON
52.93,30.39,67.29,ON
20.38,20.73,57.41,OFF
24.55,23.22,71.06,OFF
80.38,40.23,54.47,ON
26.58,19.5,67.36,OFF
65.29,33.83,57.04,ON
44.63,26.57,66.69,ON
46.6,28.69,64.83,ON
47.32,28.12,71.18,ON
74.43,37.64,56.49,ON
46.14,26.88,62.96,ON
49.33,28.66,61.03,ON
19.38,19.63,68.74,OFF
54.13,33.41,57.71,ON
60.62,33.92,65.42,ON
54.78,32.17,67.55,ON
77.96,37.81,47.7,ON
51.1,29.56,55.82,ON
55.98,32.92,55.16,ON
82.97,41.45,58.44,ON
19.0,20.73,63.1,OFF
40.88,29.55,65.03,ON
78.52,41.11,62.19,ON
68.72,32.29,64.48,ON
63.57,34.93,53.82,ON
66.65,34.91,53.05,ON
56.54,32.74,47.02,ON
82.63,42.02,57.24,ON
57.56,30.43,55.47,ON
54.8,28.2,63.29,ON
53.18,33.17,61.25,ON
53.86,29.16,55.95,ON
26.86,21.69,71.71,OFF
65.41,35.03,53.8,ON
47.39,27.85,60.32,ON
86.44,37.75,51.44,ON
48.49,29.61,62.48,ON
58.42,30.96,58.1,ON
54.93,32.68,71.75,ON
37.49,25.23,61.64,ON
69.84,34.58,60.19,ON
88.1,41.01,53.99,ON
49.7,32.02,65.22,ON
43.99,30.01,62.01,ON
42.9,25.68,57.28,ON
12.15,24.25,66.45,OFF
46.44,28.28,65.23,ON
55.02,29.2,56.08,ON
71.1,38.11,51.92,ON
69.2,35.04,55.7,ON
41.67,31.81,62.2,ON
44.46,30.03,60.2,ON
72.48,36.35,46.93,ON
46.53,32.11,56.93,ON
39.8,28.64,68.49,ON
77.85,35.9,61.63,ON
70.75,38.0,60.47,ON
50.38,29.08,62.27,ON
38.12,26.27,75.1,ON
9.76,18.19,68.74,OFF
61.79,31.78,59.78,ON
32.07,21.96,64.47,ON
10.75,18.96,66.63,OFF
81.7,36.73,61.87,ON
62.96,28.74,52.34,ON
27.22,21.49,61.18,OFF
25.71,23.38,72.98,OFF
67.42,34.69,55.31,ON
32.44,27.27,58.0,ON
75.92,38.14,56.28,ON
62.33,32.17,56.96,ON
60.73,32.34,62.06,ON
58.09,29.56,56.29,ON
53.83,33.32,67.5,ON
67.61,32.52,53.93,ON
40.92,25.43,64.32,ON
51.72,30.2,62.16,ON
65.04,34.52,60.52,ON
61.26,30.37,61.47,ON
26.1,21.02,67.36,OFF
39.99,27.53,63.13,ON
55.06,33.78,66.26,ON
41.84,28.25,62.42,ON
85.49,40.6,60.46,ON
42.14,24.52,61.63,ON
46.76,27.79,63.31,ON
65.39,35.66,57.95,ON
56.61,34.15,64.52,ON
47.09,30.91,58.52,ON
34.87,25.74,61.1,ON
56.03,34.22,58.69,ON
70.78,42.0,54.7,ON
59.58,31.69,50.48,ON
34.44,23.8,61.42,ON
84.74,43.46,59.48,ON
21.07,21.79,65.65,OFF
18.35,20.73,66.35,OFF
69.21,36.55,60.92,ON
54.52,30.05,64.68,ON
39.01,24.63,73.92,ON
28.03,21.85,70.04,OFF
96.42,45.0,50.8,ON
52.34,27.83,63.58,ON
60.68,34.2,63.35,ON
56.36,30.79,66.33,ON
58.7,31.9,56.35,ON
60.8,34.73,62.51,ON
64.65,36.08,67.19,ON
42.5,28.43,62.07,ON
44.17,24.5,65.35,ON
15.18,22.7,61.76,OFF
34.39,27.94,57.93,ON
55.42,31.81,60.97,ON
70.9,36.29,62.17,ON
61.98,37.2,56.19,ON
43.19,29.85,67.62,ON
24.74,22.36,71.12,OFF
0.0,15.0,69.17,OFF
73.03,36.52,61.74,ON
38.22,28.82,62.06,ON
41.03,29.39,62.83,ON
52.63,27.56,68.83,ON
21.89,22.5,78.7,OFF
43.0,29.63,55.24,ON
90.47,39.13,54.87,ON
60.11,33.03,65.99,ON
57.18,28.6,61.62,ON
18.35,20.76,65.39,OFF
94.87,39.3,64.76,ON
21.54,20.1,67.64,OFF
88.45,40.31,59.75,ON
7.7,15.89,68.92,OFF
78.11,41.34,47.41,ON
82.36,40.78,52.98,ON
33.51,24.25,68.87,ON
58.45,30.67,62.56,ON
60.95,32.81,56.33,ON
33.72,23.06,76.48,ON
21.02,23.25,66.64,OFF
23.65,26.09,59.37,OFF
60.82,35.35,65.29,ON
48.3,30.15,66.49,ON
38.71,26.28,61.43,ON
69.34,34.99,62.28,ON
60.16,36.54,62.03,ON
34.89,24.32,67.72,ON
25.98,25.91,65.1,OFF
60.47,30.88,52.63,ON
39.25,26.18,62.67,ON
51.98,27.17,63.44,ON
81.53,39.78,53.22,ON
60.05,30.49,59.93,ON
32.75,28.16,66.61,ON
53.21,31.79,58.43,ON
30.95,25.36,56.3,ON
82.17,40.22,52.74,ON
38.77,24.45,62.65,ON
54.15,31.49,60.3,ON
56.15,35.52,52.55,ON
53.19,30.97,59.86,ON
10.83,16.21,65.89,OFF
21.07,17.62,73.33,OFF
40.95,25.86,63.52,ON
56.39,28.39,65.7,ON
47.24,30.83,62.88,ON
30.86,25.82,58.09,ON
23.03,20.16,67.69,OFF
41.97,28.82,71.06,ON
40.63,26.04,56.32,ON
60.26,32.99,64.95,ON
43.47,28.79,63.22,ON
62.05,32.73,52.81,ON
38.11,27.27,66.51,ON
44.88,25.09,69.96,ON
43.04,28.15,62.81,ON
34.35,25.24,66.39,ON
62.5,29.66,71.32,ON
33.73,21.5,64.07,ON
39.57,23.15,75.25,ON
48.54,30.39,69.98,ON
24.05,22.46,59.9,OFF
43.5,28.6,63.46,ON
35.77,23.08,66.49,ON
42.24,29.95,68.5,ON
48.8,31.61,66.88,ON
34.0,23.67,73.35,ON
45.6,31.03,53.28,ON
76.17,37.35,64.48,ON
49.48,26.29,67.06,ON
72.91,33.61,50.64,ON
56.93,33.55,66.44,ON
65.48,34.44,53.8,ON
34.51,27.12,67.6,ON
52.1,30.45,58.8,ON
52.68,31.34,60.17,ON
37.75,30.57,63.88,ON
33.54,27.86,62.24,ON
20.19,20.19,60.62,OFF
79.92,39.73,57.69,ON
30.55,25.15,59.14,ON
76.92,39.6,58.96,ON
40.65,27.34,57.34,ON
32.75,23.84,66.39,ON
62.45,33.73,61.58,ON
37.38,25.25,74.92,ON
61.37,36.78,48.25,ON
43.34,30.48,63.29,ON
59.61,32.48,54.21,ON
30.64,25.05,67.36,ON
66.63,34.66,58.64,ON
59.76,35.31,62.66,ON
31.61,26.58,71.13,ON
100.0,45.0,51.31,ON
60.8,34.98,58.94,ON
95.81,45.0,57.52,ON
82.01,41.95,52.18,ON
46.22,29.93,64.06,ON
41.75,27.83,67.5,ON
41.93,26.42,58.76,ON
13.4,15.88,62.85,OFF
36.08,25.77,65.42,ON
54.94,30.0,66.38,ON
80.52,39.28,48.91,ON
34.54,27.64,65.87,ON
67.64,35.64,56.79,ON
24.95,21.65,66.15,OFF
38.27,24.78,70.29,ON
40.85,24.39,66.07,ON
57.44,34.9,54.79,ON
59.15,29.19,62.42,ON
69.25,33.9,58.49,ON
65.42,30.0,60.6,ON
54.86,30.83,67.4,ON
57.81,31.66,57.73,ON
81.77,38.72,52.8,ON
39.78,26.81,65.17,ON
65.49,33.01,63.39,ON
13.84,17.32,68.94,OFF
58.23,36.1,52.18,ON
40.34,26.43,64.68,ON
50.05,31.83,73.02,ON
70.8,34.57,62.09,ON
53.29,34.21,51.16,ON
67.7,38.34,52.24,ON
79.48,39.3,56.88,ON
57.78,30.14,64.63,ON
73.42,37.2,54.2,ON
43.47,28.14,73.94,ON
49.84,30.43,64.43,ON
39.55,24.91,66.72,ON
70.86,33.21,66.36,ON
58.28,32.81,61.54,ON
39.86,26.94,54.01,ON
53.09,30.93,59.47,ON
70.83,38.3,53.82,ON
49.21,26.81,62.23,ON
31.02,26.33,64.77,ON
52.64,29.31,65.88,ON
10.39,17.33,65.74,OFF
65.38,32.96,56.4,ON
41.57,27.65,63.02,ON
40.61,23.37,68.85,ON
67.51,34.12,62.28,ON
22.7,20.78,70.53,OFF
88.94,44.21,59.02,ON
40.4,27.42,61.74,ON
39.53,28.25,68.65,ON
70.42,36.14,59.99,ON
64.17,32.15,61.5,ON
99.02,45.0,62.01,ON
45.78,27.04,62.18,ON
47.59,28.23,59.23,ON
20.41,21.49,74.43,OFF
43.36,29.9,61.84,ON
35.57,25.27,70.37,ON
41.02,30.33,63.8,ON
15.12,18.39,60.2,OFF
83.21,41.29,56.63,ON
21.67,21.51,70.22,OFF
0.0,18.09,68.78,OFF
26.23,23.3,69.14,OFF
37.92,22.62,72.39,ON
27.01,25.28,72.19,OFF
71.97,36.43,62.1,ON
47.24,28.07,58.94,ON
50.51,32.6,61.06,ON
62.21,33.0,56.63,ON
55.72,32.92,57.95,ON
69.57,34.33,57.02,ON
27.81,21.67,66.73,OFF
39.05,30.34,62.91,ON
63.32,32.42,70.97,ON
0.0,15.0,72.24,OFF
22.5,18.33,77.91,OFF
60.02,36.27,58.17,ON
40.4,27.91,67.09,ON
68.72,36.09,56.57,ON
66.18,36.81,58.1,ON
26.04,20.15,64.33,OFF
58.13,31.36,64.65,ON
74.03,37.03,53.89,ON
52.95,27.79,61.84,ON
30.45,26.76,65.05,ON
67.59,35.24,61.03,ON
62.71,33.17,62.72,ON
60.85,33.73,57.39,ON
64.32,32.79,53.53,ON
0.0,15.09,59.65,OFF
67.62,42.14,50.25,ON
86.16,42.06,51.48,ON
58.73,35.96,54.96,ON
53.85,30.45,57.52,ON
63.93,32.68,62.7,ON
56.76,32.65,59.04,ON
63.04,31.23,60.58,ON
50.03,25.39,60.83,ON
34.67,26.86,72.04,ON
29.91,25.26,63.47,OFF
30.04,25.68,52.84,ON
22.54,21.82,63.02,OFF
28.65,27.55,56.83,OFF
85.23,40.39,48.76,ON
65.08,33.42,62.26,ON
37.5,20.24,79.77,ON
42.19,27.56,57.42,ON
52.25,32.34,58.5,ON
36.89,26.08,60.43,ON
51.35,32.65,49.59,ON
65.55,39.26,62.17,ON
49.29,29.44,57.58,ON
56.72,34.48,63.13,ON
67.73,32.15,67.31,ON
44.56,30.43,61.14,ON
55.7,31.84,55.63,ON
43.81,27.7,49.58,ON
49.43,29.5,65.6,ON
43.51,27.74,74.07,ON
39.42,26.21,62.02,ON
53.47,31.44,63.46,ON
61.33,33.05,58.23,ON
52.93,28.57,59.83,ON
59.97,33.83,67.39,ON
35.24,24.36,66.24,ON
25.93,24.87,65.14,OFF
58.34,32.43,61.18,ON
63.76,34.38,59.99,ON
51.0,26.2,56.22,ON
76.96,35.57,57.81,ON
68.15,37.33,66.2,ON
100.0,43.53,57.86,ON
45.98,27.73,60.55,ON
30.02,23.45,66.9,ON
35.2,28.29,69.33,ON
38.69,27.36,65.25,ON
59.52,35.48,71.19,ON
6.84,16.52,71.76,OFF
76.37,38.34,58.22,ON
45.21,26.16,58.9,ON
45.06,30.88,53.12,ON
28.41,23.74,70.9,OFF
47.72,29.4,60.38,ON
50.26,30.76,57.72,ON
47.56,32.16,63.52,ON
56.78,31.61,57.97,ON
38.21,29.79,65.66,ON
32.08,22.92,67.45,ON
60.97,34.13,56.39,ON
51.97,34.61,60.52,ON
53.94,30.2,54.5,ON
71.18,36.84,60.09,ON
29.55,25.62,62.06,OFF
32.9,24.59,65.06,ON
75.14,34.54,65.44,ON
20.34,18.99,68.76,OFF
23.81,23.31,62.74,OFF
66.36,36.69,62.92,ON
54.76,33.0,59.97,ON
52.1,32.92,66.26,ON
48.17,29.59,58.51,ON
50.63,30.6,60.15,ON
48.16,26.41,59.24,ON
77.11,38.77,50.13,ON
42.04,28.84,63.51,ON
46.77,27.87,60.16,ON
85.89,42.05,51.06,ON
50.55,26.53,64.76,ON
94.64,44.89,47.77,ON
47.9,29.97,61.61,ON
77.35,42.43,51.92,ON
16.89,22.89,75.45,OFF
53.07,33.94,55.46,ON
18.31,22.13,59.93,OFF
66.89,36.36,55.42,ON
25.74,20.36,68.56,OFF
55.68,31.03,56.99,ON
44.36,31.96,58.05,ON
26.84,20.14,61.54,OFF
17.61,19.38,64.13,OFF
39.78,24.1,67.24,ON
84.81,43.35,58.43,ON
44.13,27.11,65.72,ON
68.34,38.59,61.66,ON
48.86,28.83,62.3,ON
67.53,34.25,62.67,ON
13.46,21.6,69.07,OFF
41.94,29.46,62.22,ON
68.99,30.26,49.65,ON
46.73,29.92,61.22,ON
48.27,30.68,66.2,ON
41.39,27.84,59.27,ON
72.99,35.58,67.74,ON
55.95,31.84,65.03,ON
50.88,29.47,69.91,ON
62.86,34.28,68.25,ON
61.76,33.12,49.62,ON
54.25,30.03,66.77,ON
80.94,39.61,57.47,ON
48.79,31.24,67.17,ON
55.56,32.25,65.54,ON
37.14,25.03,62.11,ON
53.0,31.57,56.13,ON
81.76,41.67,50.03,ON
37.13,29.33,63.25,ON
27.33,25.61,59.97,OFF
69.94,37.06,52.99,ON
47.02,27.09,60.68,ON
51.92,27.84,64.93,ON
49.1,29.32,58.4,ON
51.58,27.66,68.65,ON
67.01,33.53,55.97,ON
33.22,24.63,72.06,ON
29.76,22.96,61.12,OFF
51.7,29.85,61.08,ON
17.87,17.71,69.89,OFF
22.54,22.22,61.85,OFF
87.33,43.19,50.41,ON
65.15,33.45,61.17,ON
49.8,31.39,58.83,ON
74.76,42.75,51.51,ON
29.19,23.57,63.77,OFF
43.69,29.41,63.27,ON
62.47,34.13,55.32,ON
67.81,37.28,65.95,ON
60.26,29.64,52.8,ON
0.0,15.0,71.2,OFF
30.64,24.48,64.57,ON
59.54,34.64,57.44,ON
42.88,28.13,56.12,ON
100.0,41.67,58.1,ON
68.53,33.91,51.29,ON
61.16,31.76,63.55,ON
27.66,24.08,65.04,OFF
49.29,28.26,60.35,ON
54.82,30.09,55.56,ON
72.56,38.94,53.03,ON
67.62,37.96,45.47,ON
70.66,35.37,61.86,ON
31.52,25.31,65.51,ON
78.24,34.71,61.74,ON
22.39,22.11,60.73,OFF
39.28,29.16,59.52,ON
58.62,33.64,62.79,ON
47.0,29.3,63.59,ON
29.88,23.19,71.59,OFF
33.57,23.78,67.86,ON
19.03,20.35,69.47,OFF
60.64,30.09,62.64,ON
75.21,40.78,62.56,ON
47.99,30.53,59.29,ON
41.99,27.39,60.34,ON
20.55,19.93,68.11,OFF
68.26,35.34,58.61,ON
94.23,44.86,51.86,ON
14.05,21.24,71.65,OFF
28.73,21.81,68.85,OFF
36.41,23.98,63.09,ON
38.71,30.77,72.33,ON
54.55,33.64,56.97,ON
82.28,41.1,58.28,ON
70.17,35.77,54.28,ON
60.55,35.01,56.29,ON
35.52,23.11,64.38,ON
27.61,26.35,73.49,OFF
34.06,25.15,65.45,ON
80.96,40.87,56.42,ON
48.77,30.92,54.25,ON
41.06,27.06,64.91,ON
46.32,28.55,57.72,ON
66.49,37.39,54.18,ON
23.74,24.18,67.71,OFF
78.3,34.94,56.68,ON
53.13,27.55,71.03,ON
45.67,26.81,70.37,ON
58.86,30.87,62.4,ON
54.37,29.07,62.92,ON
43.12,28.48,62.01,ON
44.95,27.56,65.09,ON
32.62,27.2,66.03,ON
63.13,36.84,56.62,ON
39.36,26.75,58.13,ON
30.87,27.63,64.71,ON
53.32,31.04,62.26,ON
76.58,37.11,54.37,ON
49.03,29.84,61.82,ON
37.84,28.24,58.97,ON
58.08,29.19,65.5,ON
88.73,41.2,56.06,ON
20.96,21.88,67.79,OFF
57.64,33.02,63.81,ON
54.1,30.49,72.66,ON
73.23,37.95,57.43,ON
69.82,36.53,61.02,ON
46.27,27.7,68.81,ON
16.31,24.26,64.98,OFF
66.13,35.72,63.06,ON
33.3,24.33,71.68,ON
31.07,23.18,66.16,ON
72.97,38.95,70.84,ON
31.78,24.74,56.42,ON
78.06,43.51,50.03,ON
56.72,31.14,55.49,ON
56.38,29.43,68.09,ON
56.15,31.79,62.32,ON
17.23,20.52,63.94,OFF
14.47,15.1,74.93,OFF
54.31,30.67,60.14,ON
61.36,32.67,73.55,ON
51.65,29.76,59.62,ON
33.57,23.81,71.16,ON
50.38,27.43,58.51,ON
48.36,31.02,64.08,ON
30.86,23.09,63.9,ON
70.28,34.04,53.07,ON
15.39,18.1,58.89,OFF
61.77,32.59,59.02,ON
57.69,32.52,65.4,ON
70.19,37.39,57.76,ON
29.89,22.06,59.68,OFF
52.03,29.65,69.26,ON
93.42,40.34,57.92,ON
63.24,27.19,67.6,ON
52.01,30.92,63.69,ON
60.78,36.27,70.92,ON
51.72,31.56,61.97,ON
93.82,42.13,50.72,ON
69.67,36.09,63.74,ON
48.29,27.14,52.8,ON
55.05,31.27,62.68,ON
42.18,26.8,62.03,ON
74.2,35.55,65.08,ON
21.88,22.37,66.81,OFF
17.91,25.57,60.88,OFF
79.17,42.08,55.45,ON
93.06,42.77,47.79,ON
59.37,34.58,68.49,ON
52.25,32.4,59.41,ON
63.15,32.65,63.86,ON
37.06,27.41,60.41,ON
53.42,28.15,65.31,ON
50.78,28.62,62.41,ON
62.53,34.24,69.09,ON
18.84,19.82,60.75,OFF
39.86,30.47,59.65,ON
66.9,36.37,55.64,ON
36.49,25.18,58.74,ON
30.13,23.1,65.5,ON
90.84,42.63,58.69,ON
50.76,28.12,59.49,ON
38.42,27.72,63.31,ON
16.15,17.1,72.01,OFF
64.59,35.62,61.38,ON
63.98,33.87,57.09,ON
44.02,29.04,50.52,ON
27.96,21.36,64.95,OFF
49.51,30.34,72.14,ON
33.28,29.81,57.42,ON
31.16,23.43,60.68,ON
47.94,30.02,63.01,ON
28.97,26.7,64.01,OFF
54.93,33.0,56.76,ON
62.16,34.51,59.22,ON
33.21,22.93,65.42,ON
22.64,19.24,70.32,OFF
81.23,39.47,58.52,ON
31.19,23.43,60.53,ON
36.8,26.0,67.88,ON
54.26,31.69,59.89,ON
61.99,32.24,57.46,ON
44.87,29.45,67.56,ON
59.22,36.48,57.97,ON
41.98,25.58,62.85,ON
30.58,23.23,64.74,ON
78.53,38.46,59.57,ON
99.77,45.0,53.91,ON
83.92,37.8,60.7,ON
52.84,28.72,53.64,ON
86.67,36.67,63.65,ON
57.11,31.25,60.83,ON
40.45,28.5,65.68,ON
59.33,34.93,66.03,ON
48.11,30.15,68.76,ON
30.34,22.9,59.4,ON
32.03,26.02,69.46,ON
66.04,35.22,60.19,ON
13.07,15.08,76.11,OFF
62.08,31.17,53.41,ON
17.41,23.25,61.1,OFF
7.58,17.92,70.53,OFF
13.22,16.22,65.77,OFF
89.34,43.44,52.0,ON
46.08,30.95,68.48,ON
51.73,29.65,73.36,ON
78.39,39.83,55.15,ON
68.68,28.12,67.89,ON
22.17,23.6,66.69,OFF
67.38,37.56,62.16,ON
53.68,28.86,65.35,ON
43.17,28.51,56.7,ON
50.49,29.47,68.77,ON
75.6,37.47,53.22,ON
32.28,23.83,59.2,ON
58.02,29.74,68.15,ON
49.81,33.72,58.08,ON
14.06,18.6,73.05,OFF
33.95,25.4,67.48,ON
53.86,29.14,57.7,ON
75.95,35.71,50.57,ON
70.03,36.83,66.69,ON
61.94,34.64,62.69,ON
33.69,26.86,71.21,ON
86.02,43.01,53.29,ON
54.3,30.87,67.7,ON
29.87,23.07,74.72,OFF
46.34,30.4,60.52,ON
67.92,34.1,58.2,ON
50.15,31.79,61.39,ON
67.74,36.07,58.17,ON
72.07,38.93,43.34,ON
58.01,33.74,55.0,ON
32.85,22.74,67.76,ON
52.71,29.08,64.02,ON
50.9,31.74,62.24,ON
87.19,44.97,51.51,ON
17.47,17.6,59.28,OFF
47.3,29.24,63.07,ON
38.32,27.06,64.83,ON
56.7,28.96,58.09,ON
1.25,16.33,71.96,OFF
72.3,36.5,59.38,ON
50.27,25.89,61.76,ON
13.11,22.18,66.08,OFF
42.78,26.11,68.52,ON
62.18,31.09,62.81,ON
18.17,21.29,62.57,OFF
50.06,31.13,69.16,ON
28.85,25.13,70.73,OFF
38.88,25.89,60.38,ON
50.53,30.14,58.33,ON
53.67,29.64,59.05,ON
40.59,24.56,68.2,ON
55.46,33.8,63.11,ON
66.36,34.7,62.12,ON
44.42,27.96,66.78,ON
78.63,34.59,52.82,ON
79.24,38.42,54.15,ON
41.43,25.74,55.0,ON
37.24,25.82,68.7,ON
16.72,19.58,73.33,OFF
47.47,28.35,68.47,ON
42.73,29.7,60.18,ON
65.58,35.57,60.33,ON
19.81,23.2,68.01,OFF
44.45,25.69,72.17,ON
69.37,34.51,49.73,ON
35.39,25.54,68.39,ON
34.75,24.61,63.54,ON
21.06,21.16,65.55,OFF
100.0,42.64,57.57,ON
35.05,24.08,67.71,ON
23.99,18.91,64.4,OFF
33.92,23.4,68.57,ON
34.51,26.74,65.98,ON
44.61,27.96,71.48,ON
66.51,37.96,58.47,ON
44.03,27.02,67.71,ON
31.54,24.7,57.77,ON
20.97,18.87,66.41,OFF
50.44,35.33,53.94,ON
50.85,29.9,61.81,ON
80.62,40.84,64.03,ON
51.85,31.38,52.54,ON
48.02,28.24,61.51,ON
28.99,21.03,67.15,OFF
43.88,28.48,60.38,ON
41.23,26.26,71.18,ON
42.6,27.47,69.12,ON
30.81,25.55,69.73,ON
60.77,33.39,58.45,ON
47.15,29.9,61.53,ON
45.99,29.1,65.16,ON
15.72,16.78,70.65,OFF
59.87,35.75,54.45,ON
59.74,35.27,62.56,ON
33.22,22.69,55.83,ON
69.8,36.95,63.19,ON
22.7,20.49,76.36,OFF
49.56,28.37,64.77,ON
44.58,28.36,67.37,ON
23.66,25.59,64.5,OFF
53.79,33.25,54.86,ON
84.05,41.43,61.89,ON
51.35,28.1,58.74,ON
40.74,32.33,71.68,ON
58.94,34.43,57.57,ON
52.11,25.94,64.76,ON
50.56,30.97,61.45,ON
41.49,26.47,66.17,ON
78.44,39.35,53.5,ON
59.13,33.54,58.24,ON
39.43,24.99,71.07,ON
47.84,33.0,53.04,ON
35.18,25.95,61.02,ON
37.83,28.23,58.63,ON
37.19,28.86,62.15,ON
27.31,21.72,67.31,OFF
65.55,32.84,59.26,ON
44.18,30.5,63.16,ON
61.08,36.11,63.1,ON
36.6,23.23,70.05,ON
48.79,33.66,58.95,ON
35.78,25.26,65.99,ON
64.39,35.7,54.23,ON
45.03,29.64,68.83,ON
35.38,23.67,66.7,ON
17.17,18.42,56.75,OFF
55.51,27.49,61.77,ON
35.83,23.45,61.4,ON
49.68,26.94,68.78,ON
40.17,27.13,60.75,ON
69.08,38.46,53.53,ON
60.88,33.21,57.55,ON
58.94,33.36,51.2,ON
37.68,27.86,55.97,ON
59.33,34.16,62.17,ON
84.3,39.52,52.29,ON
33.36,22.08,72.59,ON
53.45,30.17,56.67,ON
17.02,20.23,68.18,OFF
77.97,36.65,56.33,ON
42.04,28.34,57.26,ON
65.65,34.11,60.25,ON
15.54,20.9,64.22,OFF
85.95,39.18,56.53,ON
42.86,26.01,66.57,ON
60.91,36.82,53.47,ON
53.02,30.96,73.75,ON
44.89,29.57,59.32,ON
83.72,37.92,61.19,ON
17.04,19.36,68.0,OFF
55.97,33.16,60.56,ON
68.21,38.6,57.71,ON
49.4,28.37,59.4,ON
47.64,27.69,63.17,ON
47.15,29.1,62.66,ON
25.45,19.59,69.09,OFF
50.76,30.17,59.99,ON
60.25,32.95,60.07,ON
51.37,31.86,54.48,ON
44.55,31.2,59.83,ON
40.21,28.2,60.11,ON
44.41,29.81,62.33,ON
75.15,37.65,59.28,ON
8.27,16.76,70.0,OFF
50.8,26.25,73.07,ON
43.44,26.26,57.49,ON
79.12,39.17,62.44,ON
51.11,27.04,66.23,ON
79.7,39.4,56.37,ON
7.52,16.45,60.67,OFF
59.19,30.71,63.84,ON
55.6,30.74,59.69,ON
77.81,39.8,57.28,ON
17.17,21.92,59.78,OFF
46.9,25.2,61.96,ON
51.32,30.1,61.41,ON
40.08,28.85,69.57,ON
74.33,36.78,55.8,ON
43.23,28.19,53.55,ON
90.7,39.22,57.88,ON
71.08,35.37,66.26,ON
69.02,39.36,54.89,ON
61.19,31.78,57.2,ON
28.73,20.74,69.17,OFF
41.38,27.71,56.33,ON
61.46,35.01,59.72,ON
63.55,36.45,57.35,ON
76.14,36.81,56.63,ON
40.65,27.64,62.38,ON
32.8,25.93,61.07,ON
67.18,36.45,55.55,ON
33.81,24.05,61.86,ON
67.47,38.67,58.13,ON
73.99,35.82,58.85,ON
59.12,34.15,57.08,ON
42.85,27.81,65.94,ON
50.82,29.07,64.92,ON
61.87,32.28,69.45,ON
50.2,28.89,67.16,ON
93.97,42.3,54.53,ON
30.19,22.02,61.54,ON
29.95,25.38,66.05,OFF
30.46,22.73,60.43,ON
38.21,25.23,68.16,ON
6.42,17.9,67.69,OFF
37.41,26.01,70.48,ON
36.93,23.24,60.62,ON
51.57,28.6,62.58,ON
58.36,32.11,61.76,ON
25.2,21.41,64.02,OFF
68.0,36.9,64.82,ON
86.04,39.28,70.56,ON
45.83,26.82,69.08,ON
81.49,37.43,53.5,ON
53.98,32.01,55.35,ON
89.77,42.9,52.71,ON
72.35,33.36,59.17,ON
18.72,21.86,64.58,OFF
50.37,31.83,54.23,ON
71.09,32.94,62.81,ON
50.61,28.8,60.27,ON
49.26,32.64,61.93,ON
75.4,39.63,68.49,ON
35.8,25.79,55.16,ON
50.35,31.11,60.99,ON
56.47,36.17,58.59,ON
43.32,29.0,62.62,ON
49.6,27.44,63.21,ON
65.5,37.38,58.74,ON
58.66,30.86,55.79,ON
33.83,27.14,63.67,ON
27.92,24.69,62.58,OFF
34.22,27.04,58.33,ON
50.02,33.09,58.42,ON
46.8,26.11,55.11,ON
33.36,24.87,52.08,ON
38.04,30.3,62.81,ON
19.6,22.83,63.88,OFF
58.36,32.86,61.32,ON
49.2,27.71,67.15,ON
24.8,22.65,73.2,OFF
50.57,28.35,66.47,ON
76.85,35.12,62.34,ON
35.2,26.71,63.92,ON
76.3,38.02,63.91,ON
43.53,26.51,59.94,ON
53.96,31.98,58.77,ON
51.96,29.58,55.6,ON
78.03,41.97,56.58,ON
53.17,30.89,58.78,ON
27.16,26.3,66.19,OFF
23.78,20.51,69.13,OFF
